cliente,segmento,estado,total_compras,num_transacciones
Cliente_001,Individual,Hidalgo,496382,12
Cliente_002,Individual,Oaxaca,396586,19
Cliente_003,Individual,Hidalgo,27989,21
Cliente_004,Gobierno,Tlaxcala,373315,15
Cliente_005,Individual,Tlaxcala,195173,15
Cliente_006,Gobierno,Tlaxcala,9484,27
Cliente_007,PyME,Puebla,290543,8
Cliente_008,Individual,Hidalgo,11892,12
Cliente_009,Empresarial,Tlaxcala,24267,13
Cliente_010,PyME,Hidalgo,429556,1
Cliente_011,Individual,Tlaxcala,495888,6
Cliente_012,Educativo,Hidalgo,318880,10
Cliente_013,Educativo,Tlaxcala,212832,5
Cliente_014,Gobierno,Veracruz,217244,11
Cliente_015,Educativo,Hidalgo,204460,17
Cliente_016,Educativo,Hidalgo,247208,13
Cliente_017,Gobierno,Veracruz,96126,6
Cliente_018,Educativo,Puebla,482756,24
Cliente_019,Educativo,Tlaxcala,345438,16
Cliente_020,Individual,Puebla,347758,3
Cliente_021,PyME,Oaxaca,444247,21
Cliente_022,Gobierno,Puebla,442647,9
Cliente_023,Educativo,Oaxaca,127608,24
Cliente_024,PyME,Tlaxcala,255394,2
Cliente_025,Gobierno,Hidalgo,133782,17
Cliente_026,Educativo,Oaxaca,25148,25
Cliente_027,Empresarial,Oaxaca,232049,14
Cliente_028,Educativo,Veracruz,434275,12
Cliente_029,Individual,Veracruz,479903,22
Cliente_030,Educativo,Puebla,277497,7
Cliente_031,Gobierno,Veracruz,363550,8
Cliente_032,Gobierno,Tlaxcala,471268,15
Cliente_033,Gobierno,Puebla,149394,10
Cliente_034,Educativo,Puebla,149545,22
Cliente_035,PyME,Oaxaca,348183,11
Cliente_036,Educativo,Veracruz,344414,19
Cliente_037,Educativo,Tlaxcala,474398,28
Cliente_038,Empresarial,Tlaxcala,194278,5
Cliente_039,Empresarial,Tlaxcala,329762,21
Cliente_040,Empresarial,Oaxaca,476405,14
Cliente_041,Empresarial,Veracruz,211454,7
Cliente_042,Gobierno,Hidalgo,490016,15
Cliente_043,Gobierno,Tlaxcala,422593,28
Cliente_044,Gobierno,Hidalgo,102997,29
Cliente_045,PyME,Oaxaca,494560,27
Cliente_046,Educativo,Oaxaca,86628,15
Cliente_047,Individual,Tlaxcala,256991,29
Cliente_048,PyME,Oaxaca,210459,9
Cliente_049,Gobierno,Puebla,480866,24
Cliente_050,Empresarial,Puebla,144759,1
Cliente_051,PyME,Puebla,332093,16
Cliente_052,Educativo,Oaxaca,319049,29
Cliente_053,Individual,Tlaxcala,408310,27
Cliente_054,Gobierno,Oaxaca,166723,7
Cliente_055,Gobierno,Oaxaca,59390,8
Cliente_056,Gobierno,Tlaxcala,329411,25
Cliente_057,PyME,Tlaxcala,97703,10
Cliente_058,Empresarial,Puebla,88160,9
Cliente_059,Empresarial,Hidalgo,205198,13
Cliente_060,Empresarial,Tlaxcala,331771,20
Cliente_061,Educativo,Puebla,268002,20
Cliente_062,Gobierno,Tlaxcala,399235,29
Cliente_063,Empresarial,Puebla,210087,20
Cliente_064,Individual,Hidalgo,404573,28
Cliente_065,Educativo,Oaxaca,107205,13
Cliente_066,Educativo,Hidalgo,274814,14
Cliente_067,Empresarial,Oaxaca,335133,9
Cliente_068,PyME,Veracruz,423781,17
Cliente_069,Educativo,Tlaxcala,170674,3
Cliente_070,Empresarial,Hidalgo,34228,14
Cliente_071,Individual,Hidalgo,479163,9
Cliente_072,Empresarial,Hidalgo,136626,7
Cliente_073,Gobierno,Veracruz,32749,4
Cliente_074,PyME,Hidalgo,210611,15
Cliente_075,Educativo,Oaxaca,382322,11
Cliente_076,PyME,Oaxaca,417148,17
Cliente_077,Empresarial,Hidalgo,251936,20
Cliente_078,Empresarial,Tlaxcala,367711,11
Cliente_079,Empresarial,Puebla,269934,8
Cliente_080,PyME,Tlaxcala,167408,28
Cliente_081,Empresarial,Veracruz,434485,19
Cliente_082,Educativo,Oaxaca,330864,17
Cliente_083,Gobierno,Tlaxcala,25517,6
Cliente_084,Gobierno,Tlaxcala,346641,26
Cliente_085,PyME,Puebla,164284,14
Cliente_086,Educativo,Oaxaca,18930,19
Cliente_087,Gobierno,Oaxaca,465461,15
Cliente_088,Individual,Oaxaca,467742,9
Cliente_089,Individual,Hidalgo,478008,24
Cliente_090,PyME,Veracruz,234744,9
Cliente_091,Educativo,Oaxaca,327841,23
Cliente_092,Educativo,Hidalgo,448456,10
Cliente_093,Educativo,Veracruz,225574,4
Cliente_094,Educativo,Puebla,235478,12
Cliente_095,Empresarial,Oaxaca,318786,15
Cliente_096,Empresarial,Hidalgo,166930,6
Cliente_097,Individual,Veracruz,323164,1
Cliente_098,Individual,Hidalgo,319410,28
Cliente_099,Educativo,Tlaxcala,68318,28
Cliente_100,Empresarial,Hidalgo,107589,11
Cliente_101,Educativo,Puebla,400541,14
Cliente_102,Educativo,Oaxaca,213767,6
Cliente_103,Gobierno,Veracruz,351458,7
Cliente_104,PyME,Tlaxcala,445635,25
Cliente_105,Educativo,Oaxaca,149096,15
Cliente_106,Educativo,Veracruz,356143,15
Cliente_107,Individual,Puebla,491996,12
Cliente_108,Gobierno,Hidalgo,419439,10
Cliente_109,PyME,Hidalgo,103815,16
Cliente_110,Educativo,Veracruz,196781,7
Cliente_111,Individual,Veracruz,279359,23
Cliente_112,Gobierno,Tlaxcala,441444,4
Cliente_113,Gobierno,Hidalgo,252597,11
Cliente_114,PyME,Puebla,71101,12
Cliente_115,Individual,Puebla,55430,22
Cliente_116,Educativo,Puebla,374631,21
Cliente_117,Individual,Puebla,437889,3
Cliente_118,Empresarial,Veracruz,70912,15
Cliente_119,Empresarial,Tlaxcala,454114,4
Cliente_120,Individual,Oaxaca,335527,12
Cliente_121,Gobierno,Tlaxcala,306574,21
Cliente_122,PyME,Veracruz,38144,25
Cliente_123,Individual,Oaxaca,440372,7
Cliente_124,Educativo,Hidalgo,442316,25
Cliente_125,Gobierno,Hidalgo,285294,2
Cliente_126,Educativo,Puebla,369289,13
Cliente_127,Empresarial,Oaxaca,486183,8
Cliente_128,Educativo,Puebla,19968,20
Cliente_129,Empresarial,Hidalgo,118670,25
Cliente_130,PyME,Puebla,54544,22
Cliente_131,PyME,Hidalgo,493594,28
Cliente_132,Individual,Hidalgo,294580,10
Cliente_133,Individual,Puebla,18785,28
Cliente_134,PyME,Oaxaca,353308,14
Cliente_135,Gobierno,Puebla,430119,7
Cliente_136,Individual,Puebla,378430,23
Cliente_137,PyME,Oaxaca,318423,6
Cliente_138,Gobierno,Veracruz,160656,29
Cliente_139,Gobierno,Puebla,185220,3
Cliente_140,Gobierno,Veracruz,106837,14
Cliente_141,Empresarial,Veracruz,7966,25
Cliente_142,Gobierno,Puebla,260118,7
Cliente_143,Gobierno,Oaxaca,324109,19
Cliente_144,Empresarial,Oaxaca,107424,6
Cliente_145,Empresarial,Tlaxcala,394386,2
Cliente_146,PyME,Veracruz,219024,13
Cliente_147,PyME,Veracruz,256450,21
Cliente_148,Empresarial,Veracruz,202756,9
Cliente_149,Empresarial,Hidalgo,70283,6
Cliente_150,Educativo,Tlaxcala,307320,19
Cliente_151,Educativo,Hidalgo,131160,17
Cliente_152,Educativo,Oaxaca,389664,1
Cliente_153,PyME,Veracruz,271601,27
Cliente_154,Gobierno,Hidalgo,135646,8
Cliente_155,Individual,Oaxaca,411897,4
Cliente_156,Individual,Veracruz,445398,15
Cliente_157,Educativo,Veracruz,156265,23
Cliente_158,PyME,Oaxaca,256291,10
Cliente_159,Empresarial,Tlaxcala,400140,9
Cliente_160,Gobierno,Oaxaca,69904,18
Cliente_161,Individual,Oaxaca,75183,19
Cliente_162,Individual,Veracruz,309187,4
Cliente_163,PyME,Veracruz,97152,9
Cliente_164,Empresarial,Puebla,314784,29
Cliente_165,Empresarial,Puebla,126320,23
Cliente_166,PyME,Hidalgo,488958,1
Cliente_167,Gobierno,Tlaxcala,490963,20
Cliente_168,PyME,Veracruz,477866,2
Cliente_169,PyME,Oaxaca,355313,12
Cliente_170,Gobierno,Veracruz,214082,7
Cliente_171,Gobierno,Oaxaca,139791,3
Cliente_172,Individual,Tlaxcala,91300,14
Cliente_173,Individual,Veracruz,131850,22
Cliente_174,Empresarial,Tlaxcala,379503,20
Cliente_175,PyME,Tlaxcala,142472,27
Cliente_176,Gobierno,Hidalgo,119943,18
Cliente_177,Educativo,Hidalgo,420758,19
Cliente_178,Educativo,Veracruz,125210,24
Cliente_179,Educativo,Oaxaca,365475,18
Cliente_180,Empresarial,Oaxaca,308424,15
Cliente_181,PyME,Veracruz,346221,2
Cliente_182,Empresarial,Veracruz,105021,24
Cliente_183,Educativo,Hidalgo,216191,19
Cliente_184,Educativo,Puebla,427108,19
Cliente_185,Gobierno,Hidalgo,445194,8
Cliente_186,Educativo,Hidalgo,25957,24
Cliente_187,Empresarial,Oaxaca,315130,26
Cliente_188,PyME,Oaxaca,244135,22
Cliente_189,Empresarial,Hidalgo,20023,12
Cliente_190,Educativo,Veracruz,204856,2
Cliente_191,Individual,Puebla,37235,6
Cliente_192,Individual,Veracruz,37668,5
Cliente_193,Educativo,Oaxaca,21849,18
Cliente_194,Gobierno,Tlaxcala,53287,10
Cliente_195,Gobierno,Veracruz,34051,19
Cliente_196,Gobierno,Oaxaca,482826,27
Cliente_197,Gobierno,Tlaxcala,241189,24
Cliente_198,PyME,Veracruz,369841,23
Cliente_199,Gobierno,Oaxaca,262999,13
Cliente_200,Empresarial,Veracruz,343538,21
